{
    "ogbg-molmuv": {
        "results": {
            "path2vec": {
                "train": [
                    0.0018994076126132664,
                    0.0018994076126132664,
                    0.0018994076126132664
                ],
                "test": [
                    0.002520686429827267,
                    0.002520686429827267,
                    0.002520686429827267
                ],
                "valid": [
                    0.002259670087613688,
                    0.002259670087613688,
                    0.002259670087613688
                ]
            },
            "random": {
                "train": [
                    0.0018994076126132664,
                    0.0018994076126132664,
                    0.0018994076126132664
                ],
                "test": [
                    0.002520686429827267,
                    0.002520686429827267,
                    0.002520686429827267
                ],
                "valid": [
                    0.002259670087613688,
                    0.002259670087613688,
                    0.002259670087613688
                ]
            }
        },
        "runs": 3,
        "max_elem": null,
        "sample_size": 150,
        "windows_size": 3,
        "metric": "ap"
    }
}