{
    "ogbg-molbace": {
        "results": {
            "path2vec": {
                "train": [
                    0.7772402968036529,
                    0.774857305936073,
                    0.7702197488584475,
                    0.7883133561643836,
                    0.781763698630137,
                    0.7787528538812786,
                    0.7696489726027397,
                    0.7706621004566211,
                    0.7773544520547946,
                    0.7539383561643835
                ],
                "test": [
                    0.5821596244131455,
                    0.563641105894627,
                    0.5768561989219266,
                    0.5742479568770649,
                    0.5425143453312468,
                    0.5610328638497653,
                    0.5830290384280995,
                    0.591810119979134,
                    0.5645974613110764,
                    0.5900712919492263
                ],
                "valid": [
                    0.6331501831501832,
                    0.6408424908424909,
                    0.6184981684981684,
                    0.6093406593406594,
                    0.5816849816849817,
                    0.6646520146520146,
                    0.6177655677655678,
                    0.656959706959707,
                    0.5932234432234432,
                    0.6523809523809524
                ]
            },
            "random": {
                "train": [
                    0.85,
                    0.7989583333333333,
                    0.873273401826484,
                    0.8625,
                    0.8427083333333334,
                    0.8385416666666667,
                    0.8395833333333333,
                    0.83125,
                    0.8135416666666666,
                    0.8239583333333333
                ],
                "test": [
                    0.507998608937576,
                    0.4991305859850461,
                    0.5150408624587027,
                    0.49208833246391936,
                    0.47096157190053906,
                    0.49208833246391936,
                    0.49034950443401143,
                    0.504434011476265,
                    0.5123456790123457,
                    0.49826117197009223
                ],
                "valid": [
                    0.5108058608058608,
                    0.47619047619047616,
                    0.5115384615384615,
                    0.4915750915750915,
                    0.5307692307692308,
                    0.5115384615384615,
                    0.48388278388278383,
                    0.49542124542124544,
                    0.5038461538461538,
                    0.5038461538461538
                ]
            }
        },
        "runs": 10,
        "max_elem": null,
        "sample_size": 150,
        "windows_size": 3,
        "metric": "rocauc"
    }
}