{
    "ogbg-molhiv": {
        "results": {
            "path2vec": {
                "train": [
                    0.5867874961093092,
                    0.5859758077976209,
                    0.5267975434056278
                ],
                "test": [
                    0.5266720098881786,
                    0.5059248236331569,
                    0.5896284052002183
                ],
                "valid": [
                    0.5059248236331569,
                    0.5533440197763573,
                    0.5120976631393299
                ]
            },
            "random": {
                "train": [
                    0.5,
                    0.5,
                    0.5
                ],
                "test": [
                    0.5,
                    0.5,
                    0.5
                ],
                "valid": [
                    0.5,
                    0.5,
                    0.5
                ]
            }
        },
        "runs": 3,
        "max_elem": null,
        "sample_size": 150,
        "windows_size": 3,
        "metric": "rocauc"
    }
}