{
    "ogbg-molesol": {
        "results": {
            "path2vec": {
                "train": [
                    1.1515282530672961,
                    1.1548635074458544,
                    1.1505369871104212,
                    1.1827385038818656,
                    1.1565939644008842,
                    1.1332705058806196,
                    1.156433456061981,
                    1.129138056911761,
                    1.1414666830064275,
                    1.1205202436286958
                ],
                "test": [
                    1.5310003273755783,
                    1.519376131588215,
                    1.5961112142118092,
                    1.5477559275917536,
                    1.5848191796182707,
                    1.5976484479457762,
                    1.5932181257056408,
                    1.6079580142428331,
                    1.4694906286168838,
                    1.5282282886499572
                ],
                "valid": [
                    1.4860104927178022,
                    1.444957826628093,
                    1.5781779684557682,
                    1.4605530566371299,
                    1.4920207205196176,
                    1.5500695645475187,
                    1.6359273165111656,
                    1.4706001216010347,
                    1.529189872524401,
                    1.4991485825846478
                ]
            },
            "random": {
                "train": [
                    1.5810134901119313,
                    1.5850730645922677,
                    1.5841567214967356,
                    1.5992356111065484,
                    1.606438998124623,
                    1.6031558891930062,
                    1.601988366465859,
                    1.5935225797592434,
                    1.6104598572317321,
                    1.5919593951177675
                ],
                "test": [
                    2.3966192411235534,
                    2.4259765959360258,
                    2.42431208473282,
                    2.442816138012496,
                    2.465416113586657,
                    2.4418892051122563,
                    2.4390272180318733,
                    2.453648637117733,
                    2.3880076473569827,
                    2.35435394820307
                ],
                "valid": [
                    2.232129183059443,
                    2.2449578796481253,
                    2.290558813666106,
                    2.2647201278586873,
                    2.33550755076783,
                    2.3114405204341066,
                    2.2413418637433855,
                    2.3417082931296136,
                    2.2839754392441827,
                    2.2841667658069547
                ]
            }
        },
        "runs": 10,
        "max_elem": null,
        "sample_size": 150,
        "windows_size": 3,
        "metric": "rmse"
    }
}