{
    "ogbg-molsider": {
        "results": {
            "path2vec": {
                "train": [
                    0.5510228103759833,
                    0.553398091074643,
                    0.5559586979966619,
                    0.5537055394085967,
                    0.5536312386125987,
                    0.5514661197691662,
                    0.5514182742610902,
                    0.5535410662851639,
                    0.5562260699382572,
                    0.5535417499165599
                ],
                "test": [
                    0.5099170638608574,
                    0.5056011655622475,
                    0.5048695030931819,
                    0.5030669469784373,
                    0.5075267575949631,
                    0.505756902937094,
                    0.5071339250423539,
                    0.5078669101167345,
                    0.5059180034190007,
                    0.5040812134242504
                ],
                "valid": [
                    0.5079400315969751,
                    0.5065648509699425,
                    0.505611332473748,
                    0.5082108206790447,
                    0.5102209887214498,
                    0.5080765844753186,
                    0.5079445592706086,
                    0.503098751791068,
                    0.5065225945623831,
                    0.5049819484780832
                ]
            },
            "random": {
                "train": [
                    0.6444279036538589,
                    0.6381567486076676,
                    0.6342803304897395,
                    0.6446977454033208,
                    0.643408266870293,
                    0.6344763940140807,
                    0.6404250881935846,
                    0.6456795176536565,
                    0.6380666856785986,
                    0.639101644816784
                ],
                "test": [
                    0.5044725052897575,
                    0.5022928787264136,
                    0.4968651663925626,
                    0.4954763123066804,
                    0.49813666706550713,
                    0.49821488097964883,
                    0.5023135929492172,
                    0.5035806901117892,
                    0.49667499885526845,
                    0.4994113046321182
                ],
                "valid": [
                    0.4953500127954133,
                    0.4951112930323919,
                    0.49359343413611056,
                    0.5021363678701533,
                    0.4965355559732821,
                    0.4970430190921248,
                    0.5032087498866573,
                    0.49917598839925015,
                    0.4951401243850707,
                    0.5014275178181405
                ]
            }
        },
        "runs": 10,
        "max_elem": null,
        "sample_size": 150,
        "windows_size": 3,
        "metric": "rocauc"
    }
}