{
    "ogbg-moltoxcast": {
        "results": {
            "path2vec": {
                "train": [
                    0.5117874182144369,
                    0.5115144637154028,
                    0.5004784613559661,
                    0.5116750621249286,
                    0.5122335041632748,
                    0.5113156524027381,
                    0.5113884602326944,
                    0.5118541774212776,
                    0.5115203291674335,
                    0.5108475177161059
                ],
                "test": [
                    0.5003441575929615,
                    0.5003707633925911,
                    0.500011274415982,
                    0.5004031993765361,
                    0.5003529278655866,
                    0.5004120499749034,
                    0.5003036065760488,
                    0.5004433410139744,
                    0.5003180039753667,
                    0.5003694589487419
                ],
                "valid": [
                    0.5004852703170538,
                    0.5,
                    0.5,
                    0.5003408455761365,
                    0.5004378091398055,
                    0.5005468319615533,
                    0.500236949961307,
                    0.5002760663420871,
                    0.5004603380330667,
                    0.5003286600930377
                ]
            },
            "random": {
                "train": [
                    0.5000157898567577,
                    0.5106716240798665,
                    0.5003248578996721,
                    0.5000114369494489,
                    0.5000121843329547,
                    0.5000103907377184,
                    0.5000064504498378,
                    0.5000141641990915,
                    0.5000064406259302,
                    0.5000147102920773
                ],
                "test": [
                    0.5,
                    0.5003329255709297,
                    0.5000162397288175,
                    0.5,
                    0.5,
                    0.5,
                    0.5,
                    0.5,
                    0.5,
                    0.5
                ],
                "valid": [
                    0.5,
                    0.5,
                    0.5,
                    0.5,
                    0.5,
                    0.5,
                    0.5,
                    0.5,
                    0.5,
                    0.5
                ]
            }
        },
        "runs": 10,
        "max_elem": null,
        "sample_size": 150,
        "windows_size": 3,
        "metric": "rocauc"
    }
}