{
    "ogbg-moltox21": {
        "results": {
            "path2vec": {
                "train": [
                    0.5193392075966582,
                    0.5152450269098147,
                    0.518176425102806,
                    0.5133396495110635,
                    0.5137107872159546,
                    0.512224572679965,
                    0.5177419071098143,
                    0.5160670949059599,
                    0.5105884224342802,
                    0.5132238417809011
                ],
                "test": [
                    0.5,
                    0.5002915613081975,
                    0.5004681647940075,
                    0.5,
                    0.5004681647940075,
                    0.5008212721386402,
                    0.5008212721386402,
                    0.5,
                    0.5003531073446328,
                    0.5004681647940075
                ],
                "valid": [
                    0.5,
                    0.5,
                    0.5,
                    0.49993987493987496,
                    0.5,
                    0.5,
                    0.49993987493987496,
                    0.5,
                    0.5,
                    0.5
                ]
            },
            "random": {
                "train": [
                    0.5,
                    0.5000706214689266,
                    0.5000581125058112,
                    0.5000586029067041,
                    0.5,
                    0.5,
                    0.5,
                    0.5,
                    0.5,
                    0.5000581125058112
                ],
                "test": [
                    0.5,
                    0.5,
                    0.5,
                    0.5,
                    0.5,
                    0.5,
                    0.5,
                    0.5,
                    0.5,
                    0.5
                ],
                "valid": [
                    0.5,
                    0.5,
                    0.5,
                    0.5,
                    0.5,
                    0.5,
                    0.5,
                    0.5,
                    0.5,
                    0.5
                ]
            }
        },
        "runs": 10,
        "max_elem": null,
        "sample_size": 150,
        "windows_size": 3,
        "metric": "rocauc"
    }
}