{
    "ogbg-mollipo": {
        "results": {
            "path2vec": {
                "train": [
                    0.9513943663981398,
                    0.9545983833796288,
                    0.9451072837915165,
                    0.9496922578784746,
                    0.9395838775200827,
                    0.9639538664209514,
                    0.956676589641479,
                    0.9545281726791037,
                    0.9444334373314043,
                    0.9468644160128705
                ],
                "test": [
                    1.0744723866079782,
                    1.0811105285747946,
                    1.0622642009083227,
                    1.0818458877824635,
                    1.0939319060978347,
                    1.0815099860102435,
                    1.0702540357561745,
                    1.0773706460913064,
                    1.0757582323169355,
                    1.0738691698530924
                ],
                "valid": [
                    1.1458362408398517,
                    1.1566804976088965,
                    1.148186221188255,
                    1.143340995218857,
                    1.1355172849450652,
                    1.1547493778164373,
                    1.1320591619185607,
                    1.1594953624478794,
                    1.1415668430175037,
                    1.161114939064519
                ]
            },
            "random": {
                "train": [
                    0.8313067416320834,
                    0.8246600063896479,
                    0.8274352686399352,
                    0.8292375301959148,
                    0.8323646586448705,
                    0.8352960861114803,
                    0.8373968210917615,
                    0.8342427944962911,
                    0.8280627039028213,
                    0.8212461925623119
                ],
                "test": [
                    1.1043996131734508,
                    1.1256838001739762,
                    1.1422018641809557,
                    1.1304116398582615,
                    1.0976880325064409,
                    1.132630066380999,
                    1.1241669846632247,
                    1.1329828823131565,
                    1.128145021243372,
                    1.1145150075960817
                ],
                "valid": [
                    1.2543415239213282,
                    1.2474413300135607,
                    1.241184696182238,
                    1.2438602775585168,
                    1.2531792067565461,
                    1.2557956814928628,
                    1.2501350001759757,
                    1.2712923044752213,
                    1.2683428422078074,
                    1.2698436749262068
                ]
            }
        },
        "runs": 10,
        "max_elem": null,
        "sample_size": 150,
        "windows_size": 3,
        "metric": "rmse"
    }
}