{
    "ogbg-molfreesolv": {
        "results": {
            "path2vec": {
                "train": [
                    2.383335298058294,
                    2.426717421730893,
                    2.3672515721792946,
                    2.3747821198389554,
                    2.371015206031941,
                    2.404147985317047,
                    2.3480547929440907,
                    2.403551718844414,
                    2.3836799291624304,
                    2.397656926772129
                ],
                "test": [
                    4.033926902591792,
                    4.043551417001548,
                    4.0334345556863695,
                    4.052982905600601,
                    4.028351216980804,
                    4.053058766104583,
                    3.9280175140525224,
                    3.9680772022120987,
                    3.9401446828265794,
                    4.0546388522106405
                ],
                "valid": [
                    5.895417545045912,
                    5.84594726756612,
                    5.989460690844808,
                    5.763271789177873,
                    5.827885807542731,
                    5.823860153418281,
                    5.66109838443095,
                    5.847400680759712,
                    5.726036940110997,
                    5.792566654156337
                ]
            },
            "random": {
                "train": [
                    2.7513772065924895,
                    2.7378859048158963,
                    2.7216185491493055,
                    2.7181871634214936,
                    2.73270790068485,
                    2.7611865594813105,
                    2.7383451046497678,
                    2.735134143946508,
                    2.72749308489118,
                    2.771402116071038
                ],
                "test": [
                    4.654679260489234,
                    4.60829307515111,
                    4.52744336658091,
                    4.554781987365171,
                    4.5454860923927995,
                    4.66198314501528,
                    4.527173987650308,
                    4.615353275024947,
                    4.596444538958076,
                    4.536538435597223
                ],
                "valid": [
                    6.775615605209683,
                    6.779163937044339,
                    6.719703216781924,
                    6.754143471498145,
                    6.703531067416363,
                    6.702081493838997,
                    6.838234235592595,
                    6.79667122688979,
                    6.7068936467762255,
                    6.777779174971449
                ]
            }
        },
        "runs": 10,
        "max_elem": null,
        "sample_size": 150,
        "windows_size": 3,
        "metric": "rmse"
    }
}