{
    "ogbg-molfreesolv": {
        "results": {
            "path2vec": {
                "train": [
                    2.9011271002619656,
                    2.9181432664134648,
                    2.831305457477418,
                    2.8409736151758387,
                    2.8649234460932083,
                    2.863794802185898,
                    2.832455240300409,
                    2.9013385327513546,
                    2.7958564701395416,
                    2.9052387743207877
                ],
                "test": [
                    5.531609065973895,
                    5.932241028002827,
                    5.800535932294175,
                    5.739642287096083,
                    5.704227186391684,
                    4.707620305670463,
                    5.8259907138654015,
                    5.505330307292269,
                    5.062034385290578,
                    5.465651417303537
                ],
                "valid": [
                    6.983425664696464,
                    6.769757023795891,
                    7.051948892867129,
                    7.245485281387598,
                    6.2958590325692665,
                    6.306007860084012,
                    6.667127572684206,
                    6.819733100522509,
                    6.534920546252473,
                    6.620930464824527
                ]
            },
            "random": {
                "train": [
                    3.172745258521885,
                    3.1603989647556943,
                    3.095084263514266,
                    3.1768235207159656,
                    3.106722056511591,
                    3.0993595610148166,
                    3.084286190078093,
                    3.103130342806482,
                    3.166617994458812,
                    3.07596360116943
                ],
                "test": [
                    4.98174916376329,
                    4.817780876676409,
                    4.735014718216877,
                    4.869909174768191,
                    5.097668206756936,
                    5.194947495536098,
                    4.613814446889473,
                    5.044936613969649,
                    4.926762742578833,
                    5.117066589800226
                ],
                "valid": [
                    6.953777054642285,
                    7.062039904325448,
                    6.747783795071689,
                    6.664575299887409,
                    6.828957161006801,
                    7.340023953408919,
                    7.1344305344894146,
                    6.769029442255981,
                    6.9666567084342015,
                    7.109069076323411
                ]
            }
        },
        "runs": 10,
        "max_elem": null,
        "sample_size": 500,
        "windows_size": 3,
        "metric": "rmse"
    }
}