{
    "ogbg-molbbbp": {
        "results": {
            "path2vec": {
                "train": [
                    0.7126447677303878,
                    0.7091932039322177,
                    0.7107363707838228,
                    0.7248256095996967,
                    0.7050111799441281,
                    0.7130099978253476,
                    0.722551982558172,
                    0.7149183947719124,
                    0.7091932039322177,
                    0.7130099978253476
                ],
                "test": [
                    0.5092592592592593,
                    0.5144675925925926,
                    0.5040509259259259,
                    0.509837962962963,
                    0.5052083333333333,
                    0.5092592592592593,
                    0.4982638888888889,
                    0.4936342592592593,
                    0.5144675925925926,
                    0.513888888888889
                ],
                "valid": [
                    0.7644628099173554,
                    0.7355371900826446,
                    0.7355371900826446,
                    0.7584387135318131,
                    0.721248630887185,
                    0.7355371900826446,
                    0.740017922931395,
                    0.7520661157024793,
                    0.7396694214876033,
                    0.756198347107438
                ]
            },
            "random": {
                "train": [
                    0.5038167938931297,
                    0.5133587786259541,
                    0.5038167938931297,
                    0.5057251908396947,
                    0.5038167938931297,
                    0.5,
                    0.5057251908396947,
                    0.5057251908396947,
                    0.5114503816793894,
                    0.5019083969465649
                ],
                "test": [
                    0.5,
                    0.5,
                    0.5,
                    0.5,
                    0.5,
                    0.5,
                    0.5,
                    0.5,
                    0.5,
                    0.5
                ],
                "valid": [
                    0.5,
                    0.5,
                    0.5,
                    0.5,
                    0.5,
                    0.5,
                    0.5,
                    0.5,
                    0.5,
                    0.5
                ]
            }
        },
        "runs": 10,
        "max_elem": null,
        "sample_size": 150,
        "windows_size": 3,
        "metric": "rocauc"
    }
}